LAPAFI_young,LAPAFI_adult,LAPAFI_olderadult
-6.0899653650713,-6.94774009193148,-4.47729731835256
3.95298978772551e-06,5.64324033502928e-07,0.000188012290950779
1,1,1
