LAPAFI_young,LAPAFI_adult,LAPAFI_olderadult
-3.06025161454034,-2.37751406881553,-1.57061829960261
0.00573302557453803,0.0265468476877548,0.13054356064043
1,1,0
