N,mean_age_calc,sd__age_calc,mean_mass,sd_mass,mean_weight,sd_weight,mean_height_meas,sd_height_meas,h_age,p_age,h_mass,p_mass,h_height,p_height,h_weight,p_weight
12,24.8333333333333,3.48590234394413,64.05,7.0319401176476,628.325,69.0029133113562,168.083333333333,7.1789887023089,1,5.5482832315195e-11,1,3.8497859733393e-12,1,1.24678224110205e-16,1,3.86206976047403e-12
