N,mean_age_calc,sd__age_calc,mean_mass,sd_mass,mean_weight,sd_weight,mean_height_meas,sd_height_meas,h_age,p_age,h_mass,p_mass,h_height,p_height,h_weight,p_weight
12,54,4.51260859854213,74.3333333333333,18.1607135088772,729.05,178.209950237456,165.583333333333,5.79118975581691,1,1.95818090361247e-13,1,2.05827557922795e-08,1,1.38784757637422e-17,1,2.06949029121878e-08
