LAPAFI_young,LAPAFI_adult,LAPAFI_olderadult
4.20798707395756,4.48762651573511,2.78097363018219
0.000363046484931129,0.000183328522489257,0.0108957945708383
1,1,1
