LAPAFI_young,LAPAFI_adult,LAPAFI_olderadult
5.2213714360101,4.04402162136337,3.62994041170872
3.08743078665241e-05,0.000541757644105356,0.00148062999533516
1,1,1
