LAPAFI_young,LAPAFI_adult,LAPAFI_olderadult
-4.55430719472408,-5.35650685145707,-3.10006848874881
0.000155784144656002,2.2320370967277e-05,0.00522428018952126
1,1,1
