LAPAFI_young,LAPAFI_adult,LAPAFI_olderadult
4.75298388030831,4.19278954901573,3.9101551888046
9.59783891842925e-05,0.00037677795211688,0.000750672926284279
1,1,1
